{
    "tiedot":
        [
            {
                "tuoteid": "0001",
                "tyyppi": "t-paita",
                "kuva": "kuvat/oranssi_t-paita.jpg",
                "nimi": "T-Paita",
                "hinta": "100€",
                "kuvaus": "Puuvillassta valmistettu, t-paita.",
                "vari": "valkoinen"          
            },
            {
                "tuoteid": "0002",
                "tyyppi": "pusero",
                "kuva": "kuvat/oranssi_t-paita.jpg",
                "nimi": "Pusero",
                "hinta": "300€",
                "kuvaus": "Puuvillassta valmistettu, huppari.",
                "vari": "valkoinen"          
            },
            {
                "tuoteid": "0003",
                "tyyppi": "t-paita",
                "kuva": "kuvat/oranssi_t-paita.jpg",
                "nimi": "T-Paita",
                "hinta": "100€",
                "kuvaus": "Puuvillassta valmistettu, t-paita.",
                "vari": "valkoinen"          
            },
            {
                "tuoteid": "0004",
                "tyyppi": "t-paita",
                "kuva": "kuvat/oranssi_t-paita.jpg",
                "nimi": "T-Paita",
                "hinta": "100€",
                "kuvaus": "Puuvillassta valmistettu, t-paita.",
                "vari": "valkoinen"          
            },
            {
                "tuoteid": "0005",
                "tyyppi": "t-paita",
                "kuva": "kuvat/oranssi_t-paita.jpg",
                "nimi": "T-Paita",
                "hinta": "100€",
                "kuvaus": "Puuvillassta valmistettu, t-paita.",
                "vari": "valkoinen"          
            }
            
        ]
}