{
"tiedot":
  [
    {
        "tuote_ID":"1",
        "tyyppi":"mpaita",
        "kuva":"kuvat/paita2.png",
        "nimi":"Super cool paita",
        "hinta":"34.99",
        "kuvaus":"Miesten paita",
        "väri":"vihreä",
        "koko":"S"
    },
    {
        "tuote_ID":"2",
        "tyyppi":"mpaita",
        "kuva":"kuvat/paita1.png",
        "nimi":"Awesome paita",
        "hinta":"19.99",
        "kuvaus":"Miesten hieno paita",
        "väri":"oranssi",
        "koko":"S"
    },
    {
        "tuote_ID":"3",
        "tyyppi":"npaita",
        "kuva":"kuvat/paita3.png",
        "nimi":"Super cool paita",
        "hinta":"34.99",
        "kuvaus":"Naisten t-paita",
        "väri":"pinkki",
        "koko":"S"  
    },
    {
        "tuote_ID":"4",
        "tyyppi":"mhuppari",
        "kuva":"kuvat/huppari2.png",
        "nimi":"Huppari 34",
        "hinta":"39.99",
        "kuvaus":"Miesten huppari",
        "väri":"tummanpunainen",
        "koko":"L"  
    },
    {
        "tuote_ID":"5",
        "tyyppi":"mhuppari",
        "kuva":"kuvat/huppari3.png",
        "nimi":"Super cool huppari",
        "hinta":"29.99",
        "kuvaus":"Miesten lämmin huppari",
        "väri":"oranssi",
        "koko":"XL"  
    },
    {
        "tuote_ID":"6",
        "tyyppi":"nhuppari",
        "kuva":"kuvat/huppari1.png",
        "nimi":"1000 huppari",
        "hinta":"39.99",
        "kuvaus":"Naisten lämmin ja ympäristöystävällisistä materiaaleista valmistettu huppari",
        "väri":"pinkki",
        "koko":"L" 
    },
    {
        "tuote_ID":"7",
        "tyyppi":"mhousut",
        "kuva":"kuvat/housut1.png",
        "nimi":"Farkut",
        "hinta":"34.99",
        "kuvaus":"Miesten tummat farkut",
        "väri":"sininen",
        "koko":"L"   
    },
    {
        "tuote_ID":"8",
        "tyyppi":"mhousut",
        "kuva":"kuvat/housut2.png",
        "nimi":"Camo-housut",
        "hinta":"29.99",
        "kuvaus":"Miesten rennot camo-kuvioiset housut",
        "väri":"camo",
        "koko":"M" 
    },
    {
        "tuote_ID":"9",
        "tyyppi":"nhousut",
        "kuva":"kuvat/housut3.png",
        "nimi":"Sexy nahkahousut",
        "hinta":"29.99",
        "kuvaus":"Nahkahousut naisille",
        "väri":"musta",
        "koko":"S"   
    },
    {
        "tuote_ID":"10",
        "tyyppi":"nhousut",
        "kuva":"kuvat/housut4.png",
        "nimi":"Farkut",
        "hinta":"34.99",
        "kuvaus":"Pillifarkut naisille",
        "väri":"vaalea",
        "koko":"M" 
    },
    {
        "tuote_ID":"11",
        "tyyppi":"asuste",
        "kuva":"kuvat/pipo1.png",
        "nimi":"Villapipo",
        "hinta":"9.99",
        "kuvaus":"Lämmin villapipo",
        "väri":"harmaa",
        "koko":"one-size" 
    },    
    {
        "tuote_ID":"13",
        "tyyppi":"asuste",
        "kuva":"kuvat/kenka1.png",
        "nimi":"Tennari",
        "hinta":"19.99",
        "kuvaus":"Hyvät kengät",
        "väri":"musta",
        "koko":"45" 
    },
    {
        "tuote_ID":"14",
        "tyyppi":"asuste",
        "kuva":"kuvat/kenka2.png",
        "nimi":"Discokenkä",
        "hinta":"17.99",
        "kuvaus":"Bailu kengät",
        "väri":"vaalea",
        "koko":"38" 
    }
  ]
} 

